"species","taxonomic_group","n_recordings","n_recordings_annotated","n_annotations","n_annotated_chunks","total_time","n_annotations_in_own_recordings","n_annotations_in_recordings_by_authors","n_annotated_chunks_in_own_recordings","n_annotated_chunks_in_recordings_by_authors"
"Acrocephalus arundinaceus","Aves",8,0,0,0,0,0,0,0,0
"Acrocephalus melanopogon","Aves",9,0,0,0,0,0,0,0,0
"Acrocephalus schoenobaenus","Aves",1,0,0,0,0,0,0,0,0
"Acrocephalus scirpaceus","Aves",3,0,0,0,0,0,0,0,0
"Acrometopa italica","Orthoptera",1,0,0,0,0,0,0,0,0
"Acrotylus fischeri","Orthoptera",1,0,0,0,0,0,0,0,0
"Acrotylus insubricus insubricus","Orthoptera",2,0,0,0,0,0,0,0,0
"Alcedo atthis","Aves",25,0,0,0,0,0,0,0,0
"Alytes almogavarii","Anura",16,0,0,0,0,0,0,0,0
"Anas crecca","Aves",11,0,0,0,0,0,0,0,0
"Anonconotus alpinus","Orthoptera",2,0,0,0,0,0,0,0,0
"Antaxius difformis","Orthoptera",1,0,0,0,0,0,0,0,0
"Antaxius spinibrachius","Orthoptera",5,0,0,0,0,0,0,0,0
"Anthophora plumipes","Hymenoptera",2,0,0,0,0,0,0,0,0
"Anthus campestris","Aves",4,0,0,0,0,0,0,0,0
"Anthus pratensis","Aves",13,0,0,0,0,0,0,0,0
"Apis mellifera","Hymenoptera",20,0,0,0,0,0,0,0,0
"Arcyptera brevipennis vicheti","Orthoptera",6,0,0,0,0,0,0,0,0
"Arcyptera kheili","Orthoptera",4,0,0,0,0,0,0,0,0
"Arcyptera microptera carpentieri","Orthoptera",3,0,0,0,0,0,0,0,0
"Arcyptera microptera microptera","Orthoptera",20,0,0,0,0,0,0,0,0
"Ardea alba","Aves",2,0,0,0,0,0,0,0,0
"Ardea purpurea","Aves",5,0,0,0,0,0,0,0,0
"Arenaria interpres","Aves",1,0,0,0,0,0,0,0,0
"Aythya ferina","Aves",2,0,0,0,0,0,0,0,0
"Barbitistes ocskayi","Orthoptera",2,0,0,0,0,0,0,0,0
"Bombina bombina","Anura",7,0,0,0,0,0,0,0,0
"Bombus hortorum","Hymenoptera",2,0,0,0,0,0,0,0,0
"Bombus lucorum","Hymenoptera",1,0,0,0,0,0,0,0,0
"Bombus pascuorum","Hymenoptera",1,0,0,0,0,0,0,0,0
"Bombus terrestris","Hymenoptera",6,0,0,0,0,0,0,0,0
"Botaurus stellaris","Aves",4,0,0,0,0,0,0,0,0
"Branta canadensis","Aves",1,0,0,0,0,0,0,0,0
"Bryodemella tuberculata tuberculata","Orthoptera",4,0,0,0,0,0,0,0,0
"Bubo bubo","Aves",3,0,0,0,0,0,0,0,0
"Bufo bufo","Anura",8,0,0,0,0,0,0,0,0
"Bufo spinosus","Anura",3,0,0,0,0,0,0,0,0
"Bufotes viridis","Anura",5,0,0,0,0,0,0,0,0
"Calidris ferruginea","Aves",1,0,0,0,0,0,0,0,0
"Calliptamus barbarus barbarus","Orthoptera",3,0,0,0,0,0,0,0,0
"Capreolus capreolus","Mammalia",24,0,0,0,0,0,0,0,0
"Cerambyx cerdo","Coleoptera",1,0,0,0,0,0,0,0,0
"Charadrius alexandrinus","Aves",18,0,0,0,0,0,0,0,0
"Chorthippus alticola rammei","Orthoptera",4,0,0,0,0,0,0,0,0
"Chorthippus binotatus binotatus","Orthoptera",66,0,0,0,0,0,0,0,0
"Chorthippus cialancensis","Orthoptera",3,0,0,0,0,0,0,0,0
"Chorthippus corsicus pascuorum","Orthoptera",3,0,0,0,0,0,0,0,0
"Chorthippus dichrous","Orthoptera",11,0,0,0,0,0,0,0,0
"Chorthippus jucundus","Orthoptera",2,0,0,0,0,0,0,0,0
"Chorthippus oschei pusztaensis","Orthoptera",10,0,0,0,0,0,0,0,0
"Chorthippus pullus","Orthoptera",15,0,0,0,0,0,0,0,0
"Chorthippus sampeyrensis","Orthoptera",2,0,0,0,0,0,0,0,0
"Chorthippus saulcyi algoaldensis","Orthoptera",8,0,0,0,0,0,0,0,0
"Chorthippus saulcyi daimei","Orthoptera",15,0,0,0,0,0,0,0,0
"Chorthippus saulcyi saulcyi","Orthoptera",6,0,0,0,0,0,0,0,0
"Chroicocephalus ridibundus","Aves",8,0,0,0,0,0,0,0,0
"Cicadetta concinna concinna","Hemiptera",16,0,0,0,0,0,0,0,0
"Cicadetta macedonica","Hemiptera",93,0,0,0,0,0,0,0,0
"Cicadetta sibillae","Hemiptera",5,0,0,0,0,0,0,0,0
"Cinclus cinclus","Aves",1,0,0,0,0,0,0,0,0
"Circus aeruginosus","Aves",12,0,0,0,0,0,0,0,0
"Clamator glandarius","Aves",4,0,0,0,0,0,0,0,0
"Coloeus monedula","Aves",17,0,0,0,0,0,0,0,0
"Conocephalus conocephalus","Orthoptera",12,0,0,0,0,0,0,0,0
"Corsteropleurus chopardi","Orthoptera",16,0,0,0,0,0,0,0,0
"Corvus frugilegus","Aves",10,0,0,0,0,0,0,0,0
"Coturnix coturnix","Aves",4,0,0,0,0,0,0,0,0
"Cuculus canorus","Aves",25,0,0,0,0,0,0,0,0
"Curruca iberiae","Aves",52,0,0,0,0,0,0,0,0
"Curruca undata","Aves",6,0,0,0,0,0,0,0,0
"Cygnus olor","Aves",3,0,0,0,0,0,0,0,0
"Discoglossus montalentii","Anura",2,0,0,0,0,0,0,0,0
"Discoglossus pictus","Anura",5,0,0,0,0,0,0,0,0
"Discoglossus sardus","Anura",5,0,0,0,0,0,0,0,0
"Dociostaurus brevicollis","Orthoptera",13,0,0,0,0,0,0,0,0
"Dociostaurus genei genei","Orthoptera",5,0,0,0,0,0,0,0,0
"Dociostaurus jagoi occidentalis","Orthoptera",12,0,0,0,0,0,0,0,0
"Dociostaurus maroccanus","Orthoptera",29,0,0,0,0,0,0,0,0
"Dryobates minor","Aves",7,0,0,0,0,0,0,0,0
"Emberiza cia","Aves",26,0,0,0,0,0,0,0,0
"Emberiza hortulana","Aves",4,0,0,0,0,0,0,0,0
"Emberiza schoeniclus","Aves",4,0,0,0,0,0,0,0,0
"Ephippiger ephippiger","Orthoptera",14,0,0,0,0,0,0,0,0
"Ephippiger persicarius","Orthoptera",4,0,0,0,0,0,0,0,0
"Ephippiger provincialis","Orthoptera",10,0,0,0,0,0,0,0,0
"Ephippiger terrestris caprai","Orthoptera",1,0,0,0,0,0,0,0,0
"Ephippiger terrestris terrestris","Orthoptera",34,0,0,0,0,0,0,0,0
"Epidalea calamita","Anura",83,0,0,0,0,0,0,0,0
"Euchorthippus pulvinatus","Orthoptera",6,0,0,0,0,0,0,0,0
"Eugryllodes pipiens","Orthoptera",57,0,0,0,0,0,0,0,0
"Eupholidoptera schmidti","Orthoptera",7,0,0,0,0,0,0,0,0
"Eupholidoptera tyrrhenica","Orthoptera",14,0,0,0,0,0,0,0,0
"Falco peregrinus","Aves",3,0,0,0,0,0,0,0,0
"Falco subbuteo","Aves",5,0,0,0,0,0,0,0,0
"Felis catus","Mammalia",2,0,0,0,0,0,0,0,0
"Fringilla montifringilla","Aves",1,0,0,0,0,0,0,0,0
"Galerida cristata","Aves",2,0,0,0,0,0,0,0,0
"Gallinago gallinago","Aves",2,0,0,0,0,0,0,0,0
"Gallinula chloropus","Aves",20,0,0,0,0,0,0,0,0
"Gampsocleis glabra","Orthoptera",23,0,0,0,0,0,0,0,0
"Gelochelidon nilotica","Aves",1,0,0,0,0,0,0,0,0
"Gomphoceridius brevipennis","Orthoptera",2,0,0,0,0,0,0,0,0
"Grus grus","Aves",2,0,0,0,0,0,0,0,0
"Gryllodes sigillatus","Orthoptera",9,0,0,0,0,0,0,0,0
"Gryllotalpa africana","Orthoptera",4,0,0,0,0,0,0,0,0
"Hyla molleri","Anura",5,0,0,0,0,0,0,0,0
"Hyla sarda","Anura",21,0,0,0,0,0,0,0,0
"Isophya brevicauda","Orthoptera",1,0,0,0,0,0,0,0,0
"Isophya camptoxypha","Orthoptera",16,0,0,0,0,0,0,0,0
"Isophya costata","Orthoptera",2,0,0,0,0,0,0,0,0
"Isophya modesta modesta","Orthoptera",19,0,0,0,0,0,0,0,0
"Isophya modestior","Orthoptera",4,0,0,0,0,0,0,0,0
"Isophya pienensis pienensis","Orthoptera",13,0,0,0,0,0,0,0,0
"Isophya posthumoidalis","Orthoptera",27,0,0,0,0,0,0,0,0
"Isophya rectipennis","Orthoptera",3,0,0,0,0,0,0,0,0
"Isophya stysi","Orthoptera",26,0,0,0,0,0,0,0,0
"Larus argentatus","Aves",17,0,0,0,0,0,0,0,0
"Larus michahellis","Aves",17,0,0,0,0,0,0,0,0
"Leiopicus medius","Aves",12,0,0,0,0,0,0,0,0
"Leptophyes boscii","Orthoptera",1,0,0,0,0,0,0,0,0
"Limosa lapponica","Aves",1,0,0,0,0,0,0,0,0
"Limosa limosa","Aves",1,0,0,0,0,0,0,0,0
"Lithobates catesbeianus","Anura",23,0,0,0,0,0,0,0,0
"Locustella naevia","Aves",3,0,0,0,0,0,0,0,0
"Lucasinova nigromarginata","Orthoptera",1,0,0,0,0,0,0,0,0
"Mareca penelope","Aves",4,0,0,0,0,0,0,0,0
"Mareca strepera","Aves",8,0,0,0,0,0,0,0,0
"Meconema thalassinum","Orthoptera",7,0,0,0,0,0,0,0,0
"Meleagris gallopavo","Aves",1,0,0,0,0,0,0,0,0
"Milvus migrans","Aves",3,0,0,0,0,0,0,0,0
"Modicogryllus algirius algirius","Orthoptera",3,0,0,0,0,0,0,0,0
"Montana montana","Orthoptera",1,0,0,0,0,0,0,0,0
"Motacilla alba","Aves",16,0,0,0,0,0,0,0,0
"Myrmeleotettix antennatus","Orthoptera",6,0,0,0,0,0,0,0,0
"Natula averni","Orthoptera",16,0,0,0,0,0,0,0,0
"Numenius arquata","Aves",3,0,0,0,0,0,0,0,0
"Numenius phaeopus","Aves",5,0,0,0,0,0,0,0,0
"Nyctalus lasiopterus","Chiroptera",3,0,0,0,0,0,0,0,0
"Oedaleus decorus","Orthoptera",9,0,0,0,0,0,0,0,0
"Oedipoda germanica germanica","Orthoptera",20,0,0,0,0,0,0,0,0
"Pachytrachis gracilis","Orthoptera",3,0,0,0,0,0,0,0,0
"Pachytrachis striolatus","Orthoptera",2,0,0,0,0,0,0,0,0
"Pelobates cultripes","Anura",6,0,0,0,0,0,0,0,0
"Pelobates fuscus","Anura",5,0,0,0,0,0,0,0,0
"Pelophylax bergeri","Anura",7,0,0,0,0,0,0,0,0
"Pelophylax esculentus","Anura",33,0,0,0,0,0,0,0,0
"Pelophylax grafi","Anura",3,0,0,0,0,0,0,0,0
"Pelophylax perezi","Anura",20,0,0,0,0,0,0,0,0
"Phalacrocorax carbo","Aves",2,0,0,0,0,0,0,0,0
"Phasianus colchicus","Aves",5,0,0,0,0,0,0,0,0
"Pholidoptera littoralis littoralis","Orthoptera",6,0,0,0,0,0,0,0,0
"Picus sharpei","Aves",3,0,0,0,0,0,0,0,0
"Platycleis albopunctata monticola","Orthoptera",10,0,0,0,0,0,0,0,0
"Pluvialis apricaria","Aves",1,0,0,0,0,0,0,0,0
"Pluvialis squatarola","Aves",1,0,0,0,0,0,0,0,0
"Podismopsis styriaca","Orthoptera",4,0,0,0,0,0,0,0,0
"Poecilimon ornatus","Orthoptera",14,0,0,0,0,0,0,0,0
"Poecilimon schmidtii","Orthoptera",5,0,0,0,0,0,0,0,0
"Poecilimon ukrainicus","Orthoptera",3,0,0,0,0,0,0,0,0
"Porphyrio porphyrio","Aves",17,0,0,0,0,0,0,0,0
"Prunella collaris","Aves",2,0,0,0,0,0,0,0,0
"Psittacula krameri","Aves",9,0,0,0,0,0,0,0,0
"Ramburiella hispanica","Orthoptera",13,0,0,0,0,0,0,0,0
"Rana arvalis","Anura",4,0,0,0,0,0,0,0,0
"Rana dalmatina","Anura",52,0,0,0,0,0,0,0,0
"Rana temporaria","Anura",106,0,0,0,0,0,0,0,0
"Recurvirostra avosetta","Aves",2,0,0,0,0,0,0,0,0
"Remiz pendulinus","Aves",2,0,0,0,0,0,0,0,0
"Rhacocleis bonfilsi","Orthoptera",5,0,0,0,0,0,0,0,0
"Rhacocleis corsicana","Orthoptera",2,0,0,0,0,0,0,0,0
"Sphingonotus caerulans","Orthoptera",8,0,0,0,0,0,0,0,0
"Sphingonotus corsicus","Orthoptera",3,0,0,0,0,0,0,0,0
"Sphingonotus rubescens rubescens","Orthoptera",7,0,0,0,0,0,0,0,0
"Sphingonotus uvarovi","Orthoptera",3,0,0,0,0,0,0,0,0
"Stenobothrus cotticus","Orthoptera",30,0,0,0,0,0,0,0,0
"Stenobothrus crassipes","Orthoptera",3,0,0,0,0,0,0,0,0
"Stenobothrus eurasius","Orthoptera",13,0,0,0,0,0,0,0,0
"Stenobothrus fischeri fischeri","Orthoptera",9,0,0,0,0,0,0,0,0
"Stenobothrus grammicus","Orthoptera",1,0,0,0,0,0,0,0,0
"Stenobothrus rubicundulus","Orthoptera",34,0,0,0,0,0,0,0,0
"Sterna hirundo","Aves",2,0,0,0,0,0,0,0,0
"Sturnus vulgaris","Aves",50,0,0,0,0,0,0,0,0
"Svercus palmetorum palmetorum","Orthoptera",13,0,0,0,0,0,0,0,0
"Tachymarptis melba","Aves",3,0,0,0,0,0,0,0,0
"Tadorna tadorna","Aves",4,0,0,0,0,0,0,0,0
"Tettigonia caudata caudata","Orthoptera",10,0,0,0,0,0,0,0,0
"Thalasseus sandvicensis","Aves",6,0,0,0,0,0,0,0,0
"Tringa glareola","Aves",3,0,0,0,0,0,0,0,0
"Tringa nebularia","Aves",3,0,0,0,0,0,0,0,0
"Turdus iliacus","Aves",18,0,0,0,0,0,0,0,0
"Turdus pilaris","Aves",25,0,0,0,0,0,0,0,0
"Turdus torquatus","Aves",2,0,0,0,0,0,0,0,0
"Tyto alba","Aves",19,0,0,0,0,0,0,0,0
"Upupa epops","Aves",27,0,0,0,0,0,0,0,0
"Uromenus brevicollis insularis","Orthoptera",10,0,0,0,0,0,0,0,0
"Vanellus vanellus","Aves",4,0,0,0,0,0,0,0,0
"Vespa crabro","Hymenoptera",2,0,0,0,0,0,0,0,0
"Vespa velutina","Hymenoptera",12,0,0,0,0,0,0,0,0
"Vipera aspis","Squamata",1,0,0,0,0,0,0,0,0
"Volucella bombylans","Diptera",1,0,0,0,0,0,0,0,0
"Xylocopa violacea","Hymenoptera",4,0,0,0,0,0,0,0,0
"Yersinella beybienkoi","Orthoptera",10,0,0,0,0,0,0,0,0
"Alectoris rufa","Aves",31,1,14,5,13.539511,0,14,0,5
"Anas platyrhynchos","Aves",28,1,2,2,3.77158,0,2,0,2
"Antaxius pedestris pedestris","Orthoptera",3,1,2,1,2.063235,0,2,0,1
"Apodemus sylvaticus","Mammalia",1,1,8,1,0.0523299999999998,0,8,0,1
"Applause","Anthropophony",1,1,4,3,3.728,0,4,0,3
"Asio otus","Aves",5,1,2,2,6.041423,0,2,0,2
"Calidris alpina","Aves",11,1,2,2,3.630835,0,2,0,2
"Charadrius dubius","Aves",7,1,2,2,0.388073999999996,0,2,0,2
"Charadrius hiaticula","Aves",11,1,4,3,1.192687,0,4,0,3
"Chorthippus corsicus corsicus","Orthoptera",3,1,12,11,26.154331,0,12,0,11
"Circaetus gallicus","Aves",10,1,4,2,1.709809,0,4,0,2
"Coccothraustes coccothraustes","Aves",27,1,2,1,0.285080999999998,0,2,0,1
"Curruca communis","Aves",10,1,1,1,0.587838,0,1,0,1
"Cymbalophora pudica","Lepidoptera",1,1,10,1,0.00412000000000079,0,10,0,1
"Dryocopus martius","Aves",14,1,5,3,2.988329,0,5,0,3
"Felis silvestris","Mammalia",7,1,6,6,19.721523,0,6,0,6
"Ficedula hypoleuca","Aves",4,1,6,3,0.543595999999996,0,6,0,3
"Grinder","Anthropophony",1,1,1,1,1.853899,1,0,1,0
"Himantopus himantopus","Aves",7,1,2,2,0.154748999999995,0,2,0,2
"Leptophyes laticauda","Orthoptera",12,1,50,21,5.31604100000004,0,50,0,21
"Locusta migratoria migratorioides","Orthoptera",4,1,1,1,0.928878,0,1,0,1
"Loxia curvirostra","Aves",16,1,1,1,4,1,0,1,0
"Melanitta nigra","Aves",2,1,3,3,7.099208,0,3,0,3
"Microtus agrestis","Mammalia",1,1,11,1,0.14598,0,11,0,1
"Motacilla cinerea","Aves",8,1,19,4,1.141373,0,19,0,4
"Motacilla flava","Aves",4,1,1,1,0.312575000000038,0,1,0,1
"Myocastor coypus","Mammalia",7,1,1,1,0.601464,0,1,0,1
"Nucifraga caryocatactes","Aves",1,1,1,1,0.749773000000001,0,1,0,1
"Paracinema tricolor bisignata","Orthoptera",4,1,45,30,28.802779,0,45,0,30
"Passer montanus","Aves",1,1,1,1,0.263396,0,1,0,1
"Pelophylax lessonae","Anura",9,1,5,2,3.015895,0,5,0,2
"Phylloscopus trochilus","Aves",1,1,2,1,0.660081999999996,0,2,0,1
"Platalea leucorodia","Aves",2,1,20,10,13.5228780000003,0,20,0,10
"Plecotus auritus","Chiroptera",2,1,23,1,0.38818,0,23,0,1
"Poecile montanus","Aves",2,1,4,2,2.910535,0,4,0,2
"Pseudochorthippus parallelus erythropus","Orthoptera",26,1,10,7,14.14302,0,10,0,7
"Rallus aquaticus","Aves",19,1,1,1,0.952018000000001,0,1,0,1
"Rhacocleis germanica","Orthoptera",2,1,2,2,8,0,2,0,2
"Roeseliana azami minor","Orthoptera",3,1,7,7,13.274378,0,7,0,7
"Saxicola rubetra","Aves",3,1,15,6,0.935055999999999,0,15,0,6
"Sturnus unicolor","Aves",2,1,5,2,3.45050000000001,0,5,0,2
"Tringa totanus","Aves",6,1,4,4,9.726446,0,4,0,4
"Turdus viscivorus","Aves",40,1,1,1,0.431830999999988,0,1,0,1
"Vulpes vulpes","Mammalia",36,1,10,9,3.577504,0,10,0,9
"Wave","Geophony",1,1,75,75,298.711761,0,75,0,75
"Acheta domesticus","Orthoptera",22,2,10,10,39.698361,0,10,0,10
"Actitis hypoleucos","Aves",15,2,2,2,2.70299200000001,0,2,0,2
"Apus pallidus","Aves",3,2,2,2,2.199364,0,2,0,2
"Athene noctua","Aves",28,2,42,20,14.857138,0,42,0,20
"Barbitistes obtusus","Orthoptera",10,2,17,17,24.575001,0,17,0,17
"Calliptamus siciliae","Orthoptera",3,2,16,10,22.494864,0,16,0,10
"Certhia familiaris","Aves",5,2,12,4,3.14964,0,12,0,4
"Cettia cetti","Aves",13,2,2,2,4.69823,0,2,0,2
"Chorthippus mollis ignifer","Orthoptera",5,2,52,36,114.865169,0,52,0,36
"Ciconia ciconia","Aves",3,2,2,2,3.91643999999999,0,2,0,2
"Construction noise","Anthropophony",2,2,6,6,17.989124,6,0,6,0
"Dendrocopos major","Aves",21,2,5,4,2.187107,5,0,4,0
"Equus caballus","Mammalia",4,2,4,3,6.607697,3,1,2,1
"Fulica atra","Aves",37,2,2,2,0.32357,0,2,0,2
"Glis glis","Mammalia",17,2,4,4,4.67664100000001,0,4,0,4
"Gunshot","Anthropophony",2,2,2,2,0.598162000000009,0,2,0,2
"Haematopus ostralegus","Aves",6,2,2,2,4.227367,0,2,0,2
"Helicopter","Anthropophony",2,2,16,16,55.829731,0,16,0,16
"Hirundo rustica","Aves",20,2,16,15,42.807866,14,2,14,1
"Ichthyaetus melanocephalus","Aves",2,2,18,6,15.254768,0,18,0,6
"Linaria cannabina","Aves",20,2,8,2,1.297684,0,8,0,2
"Martes foina","Mammalia",7,2,17,14,40.358107,0,17,0,14
"Meconema meridionale","Orthoptera",2,2,32,26,48.022305,0,32,0,26
"Muscicapa striata","Aves",14,2,12,8,13.055686,0,12,0,8
"Myotis blythii","Chiroptera",10,2,15,2,0.1856,0,15,0,2
"Oedipoda coerulea","Orthoptera",2,2,20,13,11.253167,0,20,0,13
"Oligoglena tibialis","Hemiptera",61,2,3,3,11.831163,0,3,0,3
"Pelodytes punctatus","Anura",167,2,12,12,20.568573,12,0,12,0
"Petronia petronia","Aves",20,2,8,4,3.688692,0,8,0,4
"Phoenicopterus roseus","Aves",10,2,8,6,3.12057,0,8,0,6
"Pholidoptera fallax","Orthoptera",26,2,4,4,4.869739,0,4,0,4
"Platycleis grisea","Orthoptera",12,2,29,4,11.12494,0,29,0,4
"Prunella modularis","Aves",75,2,3,3,0.814070999999998,0,3,0,3
"Pyrrhocorax graculus","Aves",2,2,6,6,1.081614,0,6,0,6
"Pyrrhocorax pyrrhocorax","Aves",5,2,15,11,3.42738299999999,0,15,0,11
"Radar","Anthropophony",2,2,5,4,12.987589,4,1,3,1
"Regulus regulus","Aves",10,2,6,6,3.718199,0,6,0,6
"Stenobothrus fischeri glaucescens","Orthoptera",27,2,13,13,28.023314,0,13,0,13
"Streptopelia decaocto","Aves",23,2,6,3,4.391882,0,6,0,3
"Tachybaptus ruficollis","Aves",16,2,8,4,5.509538,0,8,0,4
"Antaxius chopardi","Orthoptera",6,3,41,18,25.108466,0,41,0,18
"Ardea cinerea","Aves",15,3,4,4,1.27839600000004,0,4,0,4
"Car alarm","Anthropophony",3,3,8,8,14.918208,5,3,5,3
"Chorthippus saulcyi moralesi","Orthoptera",3,3,37,31,37.808039,0,37,0,31
"Corvus corax","Aves",33,3,11,7,2.832365,5,6,2,5
"Decticus verrucivorus monspeliensis","Orthoptera",6,3,31,21,80.189215,0,31,0,21
"Eupholidoptera chabrieri chabrieri","Orthoptera",43,3,14,9,11.187557,0,14,0,9
"Falco tinnunculus","Aves",12,3,4,4,5.68102300000001,0,4,0,4
"Garrulus glandarius","Aves",33,3,24,16,38.4934220000001,0,24,0,16
"Harvester","Anthropophony",3,3,26,26,102.297218,26,0,26,0
"Hyla arborea","Anura",13,3,10,9,21.245501,7,3,7,2
"Lophophanes cristatus","Aves",38,3,11,8,6.08429200000001,0,11,0,8
"Modicogryllus frontalis","Orthoptera",4,3,22,20,69.358208,0,22,0,20
"Oecanthus dulcisonans","Orthoptera",49,3,40,40,148.407446,25,15,25,15
"Oedipoda caerulescens caerulescens","Orthoptera",34,3,12,6,6.227362,0,12,0,6
"Regulus ignicapilla","Aves",37,3,4,4,6.809102,4,0,4,0
"Roeseliana azami azami","Orthoptera",32,3,28,25,99.575062,0,28,0,25
"Saxicola rubicola","Aves",18,3,13,10,10.717232,0,13,0,10
"Serinus serinus","Aves",42,3,17,10,6.638046,2,15,1,9
"Song","Anthropophony",3,3,3,3,4.71894200000001,2,1,2,1
"Stenobothrus festivus","Orthoptera",12,3,8,8,15.245376,0,8,0,8
"Streptopelia turtur","Aves",7,3,7,6,21.935882,0,7,0,6
"Sus scrofa","Mammalia",26,3,4,3,4.35762100000014,0,4,0,3
"Sylvia borin","Aves",10,3,9,9,23.21005,5,4,5,4
"Thyreonotus corsicus corsicus","Orthoptera",42,3,33,12,8.148,0,33,0,12
"Water","Geophony",3,3,4,4,9.49797400000003,3,1,3,1
"Zip","Anthropophony",3,3,3,3,1.303491,3,0,3,0
"Chloris chloris","Aves",41,4,10,9,7.12512400000001,0,10,0,9
"Chorthippus eisentrauti","Orthoptera",13,4,15,8,13.226552,0,15,0,8
"Ephippiger diurnus cunii","Orthoptera",69,4,15,8,9.109871,0,15,0,8
"Ephippiger terrestris bormansi","Orthoptera",33,4,205,29,32.676003,0,205,0,29
"Gomphocerippus armoricanus provincialis","Orthoptera",13,4,19,16,27.108458,0,19,0,16
"Jynx torquilla","Aves",8,4,44,14,36.31738,0,44,0,14
"Locusta migratoria migratoria","Orthoptera",6,4,15,12,17.57015,0,15,0,12
"Marmota marmota","Mammalia",10,4,30,12,8.73684499999998,0,30,0,12
"Microphone whistling","Anthropophony",4,4,135,132,503.082332,0,135,0,132
"Nyctalus noctula","Chiroptera",6,4,52,4,0.806499999999999,0,52,0,4
"Omocestus antigai antigai","Orthoptera",9,4,13,12,17.328082,0,13,0,12
"Phoenicurus ochruros","Aves",32,4,17,11,5.809227,2,15,1,10
"Pholidoptera aptera aptera","Orthoptera",44,4,29,28,52.017992,0,29,0,28
"Picus viridis","Aves",19,4,10,6,8.26915100000001,1,9,1,5
"Poecile palustris","Aves",13,4,10,6,3.54463700000003,4,6,4,2
"Polysarcus scutatus","Orthoptera",31,4,46,29,93.096298,0,46,0,29
"Pyrrhula pyrrhula","Aves",12,4,12,7,1.633592,10,2,6,1
"Scooter","Anthropophony",4,4,18,18,64.335,0,18,0,18
"Tadarida teniotis","Chiroptera",65,4,44,4,0.893699999999999,0,44,0,4
"Train","Anthropophony",4,4,19,19,72.145828,9,10,9,10
"Ventilation","Anthropophony",4,4,54,53,190.500136,54,0,53,0
"Aegithalos caudatus","Aves",27,5,12,9,7.441787,1,11,1,8
"Aeropedellus variegatus variegatus","Orthoptera",13,5,5,5,15.349318,0,5,0,5
"Alytes obstetricans","Anura",32,5,52,46,127.700896,44,8,41,5
"Antaxius hispanicus","Orthoptera",13,5,30,26,34.968286,0,30,0,26
"Breath","Anthropophony",5,5,7,6,3.72536600000003,2,5,2,4
"Buteo buteo","Aves",16,5,12,10,6.04462100000001,4,8,3,7
"Chorthippus reissingeri","Orthoptera",5,5,24,24,54.442558,0,24,0,24
"Curruca melanocephala","Aves",79,5,12,11,10.919486,0,12,0,11
"Gurgling noise","Anthropophony",5,5,6,6,4.65287700000001,6,0,6,0
"Omocestus petraeus","Orthoptera",32,5,14,12,27.368876,0,14,0,12
"Phoenicurus phoenicurus","Aves",17,5,14,9,4.672342,0,14,0,9
"Phylloscopus bonelli","Aves",33,5,13,9,6.791004,9,4,5,4
"Platycleis falx laticauda","Orthoptera",30,5,115,96,343.962243,0,115,0,96
"Rain","Geophony",5,5,14,7,11.3990957,11,3,4,3
"Tringa ochropus","Aves",17,5,15,13,10.9138130000001,0,15,0,13
"Water drop","Geophony",5,5,6,6,0.725113999999959,2,4,2,4
"Alauda arvensis","Aves",24,6,49,34,76.103522,0,49,0,34
"Anthus trivialis","Aves",19,6,6,6,6.921497,2,4,2,4
"Burhinus oedicnemus","Aves",31,6,10,10,17.1142470000001,0,10,0,10
"Columba palumbus","Aves",33,6,22,18,45.902504,10,12,10,8
"Coughing","Anthropophony",6,6,8,7,6.420517,5,3,4,3
"Curruca hortensis","Aves",14,6,10,10,15.061358,0,10,0,10
"Emberiza citrinella","Aves",15,6,21,17,14.262431,13,8,10,7
"Euchorthippus chopardi","Orthoptera",39,6,11,8,20.435954,11,0,8,0
"Gryllotalpa vineae","Orthoptera",71,6,32,28,97.891603,7,25,5,23
"Horn","Anthropophony",6,6,6,6,4.51928599999998,4,2,4,2
"Music","Anthropophony",6,6,82,81,285.768,5,77,5,76
"Nycticorax nycticorax","Aves",15,6,23,21,6.726087,0,23,0,21
"Pelophylax ridibundus","Anura",31,6,17,13,16.900392,0,17,0,13
"Podismopsis keisti","Orthoptera",16,6,38,37,55.621496,0,38,0,37
"Tractor","Anthropophony",6,6,33,33,123.490663,33,0,33,0
"Troglodytes troglodytes","Aves",94,6,22,16,17.841595,10,12,10,6
"Barbitistes fischeri","Orthoptera",33,7,88,47,137.987445,0,88,0,47
"Barbitistes serricauda","Orthoptera",19,7,72,21,15.235888,0,72,0,21
"Calliptamus italicus italicus","Orthoptera",9,7,19,18,48.814972,0,19,0,18
"Certhia brachydactyla","Aves",60,7,25,10,12.305967,0,25,0,10
"Construction machine","Anthropophony",7,7,21,19,73.652635,21,0,19,0
"Coracias garrulus","Aves",9,7,41,22,21.08018,0,41,0,22
"Pica pica","Aves",69,7,19,17,14.960204,1,18,1,16
"Psophus stridulus","Orthoptera",33,7,19,16,25.438564,0,19,0,16
"Sitta europaea","Aves",33,7,73,28,27.757625,6,67,6,22
"Turdus philomelos","Aves",78,7,14,13,15.262488,4,10,4,9
"Whistle","Anthropophony",7,7,16,15,27.470245,10,6,10,5
"Caprimulgus europaeus","Aves",34,8,74,51,122.624155,0,74,0,51
"Myotis daubentonii","Chiroptera",25,8,236,8,2.26977,0,236,0,8
"Myotis emarginatus","Chiroptera",28,8,496,8,2.37133,0,496,0,8
"Omocestus haemorrhoidalis haemorrhoidalis","Orthoptera",59,8,25,25,39.04773,0,25,0,25
"Otus scops","Aves",43,8,33,29,18.009187,0,33,0,29
"Pipistrellus nathusii","Chiroptera",23,8,267,8,3.36785,0,267,0,8
"Pseudochorthippus montanus","Orthoptera",38,8,66,63,132.703719455,0,66,0,63
"Stenobothrus nigromaculatus nigromaculatus","Orthoptera",97,8,57,30,72.829214,0,57,0,30
"Torrent","Geophony",8,8,24,24,96,24,0,24,0
"Truck","Anthropophony",8,8,28,28,84.708783,14,14,14,14
"Chainsaw","Anthropophony",9,9,82,78,252.947709,3,79,3,75
"Isophya pyrenaea","Orthoptera",31,9,83,16,6.062702,0,83,0,16
"Laughter","Anthropophony",9,9,14,13,11.887256,13,1,12,1
"Myotis crypticus","Chiroptera",28,9,504,9,2.87598,0,504,0,9
"Pteronemobius lineolatus","Orthoptera",49,9,155,151,479.408373,74,81,73,78
"Apus apus","Aves",16,10,34,13,24.04882,0,34,0,13
"Bos taurus","Mammalia",21,10,34,29,54.183259,1,33,1,28
"Carduelis carduelis","Aves",61,10,37,14,13.187701,0,37,0,14
"Cisticola juncidis","Aves",32,10,60,24,17.686817,1,59,1,23
"Erithacus rubecula","Aves",243,10,48,32,41.506744,4,44,4,28
"Ovis aries","Mammalia",10,10,23,21,19.171026,9,14,9,12
"Rhinolophus ferrumequinum","Chiroptera",45,10,608,10,14.5197128,2,606,1,9
"Antaxius sorrezensis","Orthoptera",25,11,198,11,1.74525,0,198,0,11
"Callicrania ramburii","Orthoptera",38,11,33,31,30.3281138,14,19,12,19
"Gomphocerus sibiricus sibiricus","Orthoptera",31,11,105,85,312.570071,28,77,20,65
"Rhacocleis poneli","Orthoptera",42,11,89,11,2.36502,0,89,0,11
"Creaking","Geophony",12,12,15,13,7.64936499999997,5,10,5,8
"Delichon urbicum","Aves",26,12,29,18,7.27023100000001,6,23,3,15
"Oriolus oriolus","Aves",28,12,52,37,22.870642,0,52,0,37
"Tibicina corsica corsica","Hemiptera",34,12,316,310,1232.401943,0,316,0,310
"Barbastella barbastellus","Chiroptera",62,13,275,13,2.20472,0,275,0,13
"Cicadetta fangoana","Hemiptera",18,13,275,185,695.848276,0,275,0,185
"Emberiza calandra","Aves",29,13,39,35,41.002581,7,32,7,28
"Merops apiaster","Aves",28,13,91,43,75.418324,14,77,12,31
"Myotis capaccinii","Chiroptera",30,13,412,13,4.1952,0,412,0,13
"Sepiana sepium","Orthoptera",78,13,100,42,91.535094,0,100,0,42
"Tibicina corsica fairmairei","Hemiptera",118,13,229,212,786.68519,0,229,0,212
"Platycleis affinis affinis","Orthoptera",88,14,206,172,372.814514,0,206,0,172
"Tibicina steveni","Hemiptera",115,14,272,270,1064.568854,2,270,2,268
"Cicadetta brevipennis litoralis","Hemiptera",15,15,388,331,1319.059494,0,388,0,331
"Corvus corone","Aves",99,15,34,23,25.5327100000001,13,21,9,14
"Melanogryllus desertus","Orthoptera",46,15,98,44,30.608972,80,18,40,4
"Myotis alcathoe","Chiroptera",39,15,819,15,8.53244,0,819,0,15
"Passer domesticus","Aves",62,15,116,62,86.379306,24,92,24,38
"Phaneroptera laticerca","Orthoptera",33,15,252,90,62.81796,0,252,0,90
"Sorapagus catalaunicus","Orthoptera",31,15,227,81,211.357159,0,227,0,81
"Stenobothrus stigmaticus stigmaticus","Orthoptera",39,15,116,101,127.216322,2,114,2,99
"Hippolais polyglotta","Aves",74,16,60,46,102.678482,11,49,11,35
"Myrmeleotettix maculatus maculatus","Orthoptera",36,16,157,111,329.255653,41,116,17,94
"Tibicina quadrisignata","Hemiptera",133,16,614,608,2409.055844,0,614,0,608
"Chorthippus albomarginatus albomarginatus","Orthoptera",27,17,88,58,46.040734684,0,88,0,58
"Cyanistes caeruleus","Aves",173,17,41,30,18.081144,3,38,3,27
"Motorbike","Anthropophony",17,17,69,68,215.676308,44,25,43,25
"Chrysochraon dispar dispar","Orthoptera",54,18,89,64,71.169317,53,36,36,28
"Cicadetta cerdaniensis","Hemiptera",32,18,849,347,703.520157,230,619,132,215
"Digital bug","Anthropophony",18,18,37,30,30.547653,21,16,16,14
"Engine","Anthropophony",18,18,306,301,1157.117938,0,306,0,301
"Gryllotalpa gryllotalpa","Orthoptera",50,18,259,254,972.456644,194,65,191,63
"Lullula arborea","Aves",85,18,89,69,101.711521,0,89,0,69
"Omocestus viridulus","Orthoptera",37,19,219,192,646.335222,40,179,40,152
"Platycleis sabulosa","Orthoptera",37,19,457,68,205.992791,6,451,4,64
"Strix aluco","Aves",119,19,80,73,141.784998,53,27,49,24
"Water stream","Geophony",19,19,116,109,405.362647,37,79,35,74
"Chorthippus saulcyi vicdessossi","Orthoptera",46,20,123,107,255.694801,23,100,23,84
"Zeuneriana abbreviata","Orthoptera",43,20,351,303,1122.365514,300,51,288,15
"Branch","Geophony",21,21,30,30,22.1879480000001,15,15,15,15
"Tibicina nigronervosa","Hemiptera",37,21,255,247,974.865,0,255,0,247
"Euchorthippus declivus","Orthoptera",60,22,182,68,107.693294,133,49,56,12
"Hyla meridionalis","Anura",134,22,219,141,274.330329,37,182,18,123
"Cyrtaspis scutata","Orthoptera",75,23,108,32,73.9178862,62,46,17,15
"Gomphocerippus rufus","Orthoptera",57,23,78,75,181.135673,15,63,15,60
"Periparus ater","Aves",94,23,66,51,50.819245,43,23,35,16
"Rhinolophus euryale","Chiroptera",60,23,1730,23,15.99284,0,1730,0,23
"Emberiza cirlus","Aves",70,24,49,48,45.16506,1,48,1,47
"Euchorthippus elegantulus","Orthoptera",88,25,128,96,321.658759,107,21,83,13
"Miniopterus schreibersii","Chiroptera",67,25,519,25,6.24172,0,519,0,25
"Rhinolophus hipposideros","Chiroptera",82,25,1750,25,36.1854373,2,1748,2,23
"Arcyptera fusca","Orthoptera",53,26,107,71,161.115798,52,55,31,40
"Leaves","Geophony",26,26,224,210,604.737904,9,215,9,201
"Scream","Anthropophony",26,26,71,61,92.874047,17,54,14,47
"Cicadetta montana","Hemiptera",200,28,345,341,1253.144288,0,345,0,341
"Gryllus bimaculatus","Orthoptera",143,28,332,271,770.252429,162,170,148,123
"Metrioptera buyssoni","Orthoptera",68,28,256,160,568.238267,112,144,76,84
"Cicada barbara","Hemiptera",31,29,339,338,1336.258799,0,339,0,338
"Chorthippus jacobsi","Orthoptera",59,30,256,112,191.47341,37,219,27,85
"Cicadetta brevipennis brevipennis","Hemiptera",105,30,900,809,2982.495,0,900,0,809
"Polysarcus denticauda","Orthoptera",86,30,319,273,1058.70072,293,26,251,22
"Chorthippus vagans vagans","Orthoptera",88,31,132,104,304.772669,76,56,69,35
"Cicadetta cantilatrix","Hemiptera",138,32,806,736,2694.829,0,806,0,736
"Dimissalna dimissa","Hemiptera",113,32,640,632,2502.914162,0,640,0,632
"Eptesicus serotinus","Chiroptera",53,32,688,32,17.59518,0,688,0,32
"Nyctalus leisleri","Chiroptera",74,32,838,32,13.50329,0,838,0,32
"Pipistrellus pygmaeus","Chiroptera",74,32,1048,32,10.45866,0,1048,0,32
"Rhacocleis annulata","Orthoptera",47,32,268,128,281.7108299,268,0,128,0
"Tibicina garricola","Hemiptera",231,32,323,317,1180.045144,61,262,61,256
"Cicadetta petryi","Hemiptera",118,34,361,238,794.432566,55,306,39,199
"Hypsugo savii","Chiroptera",57,35,765,35,12.46701,0,765,0,35
"Parus major","Aves",371,35,109,76,78.026892,15,94,13,63
"Tibicina haematodes","Hemiptera",208,35,290,286,1051.602733,209,81,205,81
"Tessellana tessellata tessellata","Orthoptera",123,37,642,209,671.236764217,27,615,8,201
"Turdus merula","Aves",243,37,124,103,116.882981,26,98,24,79
"Plecotus austriacus","Chiroptera",69,38,1133,38,7.81666,0,1133,0,38
"Tettigettula pygmea","Hemiptera",156,39,380,276,793.664143,49,331,36,240
"Bombina variegata","Anura",60,41,567,502,1906.386734,567,0,502,0
"Omocestus raymondi","Orthoptera",54,41,107,96,179.036823,93,14,87,9
"Stenobothrus lineatus lineatus","Orthoptera",90,41,330,288,1055.155248084,42,288,37,251
"Phylloscopus collybita","Aves",86,42,177,104,95.3822900000001,86,91,62,42
"Step","Anthropophony",42,42,181,157,434.868825,43,138,35,122
"Tibicina picta","Hemiptera",137,42,439,417,1607.285733,57,382,55,362
"Platycleis intermedia intermedia","Orthoptera",92,45,837,283,726.438655,39,798,32,251
"Yersinella raymondii","Orthoptera",133,47,431,86,56.9687151,244,187,40,46
"Euthystira brachyptera","Orthoptera",69,48,617,479,470.312389027,44,573,27,452
"Pipistrellus kuhlii","Chiroptera",115,48,961,48,29.0212165,9,952,7,41
"Stauroderus scalaris scalaris","Orthoptera",114,48,232,152,371.657507,131,101,82,70
"Conocephalus dorsalis","Orthoptera",66,50,286,279,1046.173468175,0,286,0,279
"Bell","Anthropophony",51,51,254,226,683.673696,158,96,132,94
"Pholidoptera femorata","Orthoptera",63,51,434,275,307.422717,0,434,0,275
"Tylopsis lilifolia","Orthoptera",115,52,218,136,195.3092085,139,79,82,54
"Cicadatra atra","Hemiptera",114,54,394,371,1372.746038,164,230,164,207
"Metrioptera saussuriana","Orthoptera",121,56,755,466,1416.359285,245,510,201,265
"Lyristes plebejus","Hemiptera",104,57,506,454,1579.272552,124,382,120,334
"Pteronemobius heydenii heydenii","Orthoptera",118,57,657,633,2243.473527,519,138,500,133
"Metrioptera brachyptera","Orthoptera",67,58,331,317,1201.186365387,0,331,0,317
"Luscinia megarhynchos","Aves",268,59,230,170,212.418435,23,207,19,151
"Plane","Anthropophony",60,60,393,391,1438.972585,175,218,174,217
"Fringilla coelebs","Aves",272,63,225,186,191.720199,37,188,34,152
"Uromenus rugosicollis","Orthoptera",126,65,748,330,1156.2278916,283,465,247,83
"Sylvia atricapilla","Aves",229,67,185,148,205.863628,77,108,65,83
"Chorthippus dorsatus dorsatus","Orthoptera",116,70,630,355,517.014988138,52,578,35,320
"Decticus verrucivorus verrucivorus","Orthoptera",105,73,564,400,1294.159358577,235,329,183,217
"Decticus albifrons","Orthoptera",140,74,467,390,1312.535298,225,242,215,175
"Phaneroptera falcata","Orthoptera",76,74,1315,661,414.411537569,0,1315,0,661
"Chorthippus mollis mollis","Orthoptera",102,79,365,340,974.348705682,100,265,86,254
"Pipistrellus pipistrellus","Chiroptera",145,79,2241,79,39.958059,8,2233,7,72
"Cowbell","Anthropophony",80,80,696,428,1176.509779,140,556,68,360
"Collision","Anthropophony",81,81,155,127,47.8566089999999,13,142,10,117
"Ephippiger diurnus diurnus","Orthoptera",157,88,1429,438,790.162987500001,333,1096,148,290
"Nemobius sylvestris sylvestris","Orthoptera",195,91,974,673,1775.779189,154,820,136,537
"Bicolorana bicolor bicolor","Orthoptera",137,92,1237,895,2947.649770564,70,1167,64,831
"Stethophyma grossum","Orthoptera",132,93,325,250,482.45339734,72,253,22,228
"Chorthippus apricarius apricarius","Orthoptera",140,95,458,441,1545.059144323,97,361,95,346
"Eumodicogryllus bordigalensis bordigalensis","Orthoptera",227,96,2226,2046,6405.204332,325,1901,312,1734
"Canis familiaris","Mammalia",189,104,700,554,942.890026,329,371,281,273
"Tettigettalna argentata","Hemiptera",167,110,768,707,2557.419413,215,553,206,501
"Chorthippus brunneus brunneus","Orthoptera",166,114,634,397,669.65560577,98,536,61,336
"Oecanthus pellucens pellucens","Orthoptera",208,136,2290,2210,7881.880447302,730,1560,717,1493
"Omocestus rufipes","Orthoptera",235,142,483,391,1080.677014,175,308,160,231
"Ruspolia nitidula nitidula","Orthoptera",205,143,2809,1452,5544.667953933,557,2252,546,906
"Car","Anthropophony",157,157,978,960,3308.725688,331,647,331,629
"Chorthippus biguttulus biguttulus","Orthoptera",246,161,1036,764,1574.046670744,119,917,113,651
"Phaneroptera nana","Orthoptera",309,163,1339,441,321.3250333,369,970,176,265
"Isophya kraussii","Orthoptera",181,167,2196,2172,8406.823685287,0,2196,0,2172
"Conocephalus fuscus","Orthoptera",219,173,1990,1896,6903.911962084,55,1935,28,1868
"Cicada orni","Hemiptera",282,180,1658,1571,5751.193745,364,1294,358,1213
"Scraping","Anthropophony",181,181,394,336,457.446116,38,356,20,316
"Tettigonia cantans","Orthoptera",249,198,1582,1295,3651.680616064,186,1396,181,1114
"Platycleis albopunctata albopunctata","Orthoptera",339,215,1741,1465,4860.402954239,168,1573,145,1320
"Human movement","Anthropophony",236,236,578,527,1042.936913,380,198,333,194
"Pseudochorthippus parallelus parallelus","Orthoptera",294,249,2064,1633,2812.36732483,289,1775,274,1359
"Voice","Anthropophony",264,264,1121,785,1465.1658568,685,436,473,312
"Microphone","Anthropophony",265,265,1659,1317,3087.988693,721,938,486,831
"Pholidoptera griseoaptera","Orthoptera",315,271,4285,1823,1315.990091939,240,4045,181,1642
"Leptophyes punctatissima","Orthoptera",396,332,1890,1291,820.368945256,362,1528,128,1163
"Unidentified sound","Anthropophony",341,341,1501,976,2049.139733846,211,1290,199,777
"Gryllus campestris","Orthoptera",571,355,5118,4656,16502.145077986,1571,3547,1371,3285
"Wind","Geophony",415,415,2480,2358,8229.548737,938,1542,879,1479
"Tettigonia viridissima","Orthoptera",809,589,10663,4607,15036.249175763,599,10064,563,4044
"Roeseliana roeselii","Orthoptera",644,605,4129,3924,14045.513452788,246,3883,215,3709
